{
  "hash": "a1e6a624",
  "configHash": "8afbb361",
  "lockfileHash": "17c417ba",
  "browserHash": "a2f23280",
  "optimized": {
    "@angular/common": {
      "src": "../../../../../node_modules/@angular/common/fesm2022/common.mjs",
      "file": "@angular_common.js",
      "fileHash": "ec0532df",
      "needsInterop": false
    },
    "@angular/common/http": {
      "src": "../../../../../node_modules/@angular/common/fesm2022/http.mjs",
      "file": "@angular_common_http.js",
      "fileHash": "2ead3c16",
      "needsInterop": false
    },
    "@angular/core": {
      "src": "../../../../../node_modules/@angular/core/fesm2022/core.mjs",
      "file": "@angular_core.js",
      "fileHash": "0ce74191",
      "needsInterop": false
    },
    "@angular/forms": {
      "src": "../../../../../node_modules/@angular/forms/fesm2022/forms.mjs",
      "file": "@angular_forms.js",
      "fileHash": "e26193e4",
      "needsInterop": false
    },
    "@angular/material/form-field": {
      "src": "../../../../../node_modules/@angular/material/fesm2022/form-field.mjs",
      "file": "@angular_material_form-field.js",
      "fileHash": "cf64493c",
      "needsInterop": false
    },
    "@angular/material/input": {
      "src": "../../../../../node_modules/@angular/material/fesm2022/input.mjs",
      "file": "@angular_material_input.js",
      "fileHash": "630eeb31",
      "needsInterop": false
    },
    "@angular/material/paginator": {
      "src": "../../../../../node_modules/@angular/material/fesm2022/paginator.mjs",
      "file": "@angular_material_paginator.js",
      "fileHash": "636c12ab",
      "needsInterop": false
    },
    "@angular/material/sort": {
      "src": "../../../../../node_modules/@angular/material/fesm2022/sort.mjs",
      "file": "@angular_material_sort.js",
      "fileHash": "922b5e53",
      "needsInterop": false
    },
    "@angular/material/table": {
      "src": "../../../../../node_modules/@angular/material/fesm2022/table.mjs",
      "file": "@angular_material_table.js",
      "fileHash": "6d2a25ed",
      "needsInterop": false
    },
    "@angular/platform-browser": {
      "src": "../../../../../node_modules/@angular/platform-browser/fesm2022/platform-browser.mjs",
      "file": "@angular_platform-browser.js",
      "fileHash": "4aab205d",
      "needsInterop": false
    },
    "@angular/router": {
      "src": "../../../../../node_modules/@angular/router/fesm2022/router.mjs",
      "file": "@angular_router.js",
      "fileHash": "c9657a62",
      "needsInterop": false
    },
    "@ngx-translate/core": {
      "src": "../../../../../node_modules/@ngx-translate/core/dist/fesm2022/ngx-translate-core.mjs",
      "file": "@ngx-translate_core.js",
      "fileHash": "e292b6ea",
      "needsInterop": false
    },
    "@ngx-translate/http-loader": {
      "src": "../../../../../node_modules/@ngx-translate/http-loader/dist/fesm2022/ngx-translate-http-loader.mjs",
      "file": "@ngx-translate_http-loader.js",
      "fileHash": "1d58228b",
      "needsInterop": false
    },
    "rxjs": {
      "src": "../../../../../node_modules/rxjs/dist/esm5/index.js",
      "file": "rxjs.js",
      "fileHash": "b504080d",
      "needsInterop": false
    },
    "rxjs/operators": {
      "src": "../../../../../node_modules/rxjs/dist/esm5/operators/index.js",
      "file": "rxjs_operators.js",
      "fileHash": "f16b4fb0",
      "needsInterop": false
    }
  },
  "chunks": {
    "chunk-QLTCSEYK": {
      "file": "chunk-QLTCSEYK.js"
    },
    "chunk-WHR4LVJJ": {
      "file": "chunk-WHR4LVJJ.js"
    },
    "chunk-3Z7DEA4Z": {
      "file": "chunk-3Z7DEA4Z.js"
    },
    "chunk-PTYOGQKD": {
      "file": "chunk-PTYOGQKD.js"
    },
    "chunk-7MU6BEFK": {
      "file": "chunk-7MU6BEFK.js"
    },
    "chunk-FGT7DCEG": {
      "file": "chunk-FGT7DCEG.js"
    },
    "chunk-52UHXRYF": {
      "file": "chunk-52UHXRYF.js"
    },
    "chunk-R3RLBDH5": {
      "file": "chunk-R3RLBDH5.js"
    },
    "chunk-F2HR4VYE": {
      "file": "chunk-F2HR4VYE.js"
    },
    "chunk-SG3BCSKH": {
      "file": "chunk-SG3BCSKH.js"
    },
    "chunk-SAVXX6OM": {
      "file": "chunk-SAVXX6OM.js"
    },
    "chunk-PQ7O3X3G": {
      "file": "chunk-PQ7O3X3G.js"
    },
    "chunk-J4B6MK7R": {
      "file": "chunk-J4B6MK7R.js"
    }
  }
}